{
  "project_info": {
    "project_number": "345910637492",
    "firebase_url": "https://frepocery-default-rtdb.firebaseio.com",
    "project_id": "frepocery",
    "storage_bucket": "frepocery.appspot.com"
  },
  "client": [
    {
      "client_info": {
        "mobilesdk_app_id": "1:345910637492:android:952183931d5c1a5414f8e1",
        "android_client_info": {
          "package_name": "com.udinus.frepocery"
        }
      },
      "oauth_client": [
        {
          "client_id": "345910637492-iuoa9do98g491bvhqqt80ubpst0696fc.apps.googleusercontent.com",
          "client_type": 3
        }
      ],
      "api_key": [
        {
          "current_key": "AIzaSyDys1yYE0hsgJmsBF0RgsPqaE1R1gr5wGU"
        }
      ],
      "services": {
        "appinvite_service": {
          "other_platform_oauth_client": [
            {
              "client_id": "345910637492-iuoa9do98g491bvhqqt80ubpst0696fc.apps.googleusercontent.com",
              "client_type": 3
            }
          ]
        }
      }
    },
    {
      "client_info": {
        "mobilesdk_app_id": "1:345910637492:android:027146169044777b14f8e1",
        "android_client_info": {
          "package_name": "com.udinus.frepocery.dev"
        }
      },
      "oauth_client": [
        {
          "client_id": "345910637492-bf02aq32hme988gopdm2q1hjnamhouas.apps.googleusercontent.com",
          "client_type": 1,
          "android_info": {
            "package_name": "com.udinus.frepocery.dev",
            "certificate_hash": "93994e59f835dfe5014917858681f486e39a299d"
          }
        },
        {
          "client_id": "345910637492-iuoa9do98g491bvhqqt80ubpst0696fc.apps.googleusercontent.com",
          "client_type": 3
        }
      ],
      "api_key": [
        {
          "current_key": "AIzaSyDys1yYE0hsgJmsBF0RgsPqaE1R1gr5wGU"
        }
      ],
      "services": {
        "appinvite_service": {
          "other_platform_oauth_client": [
            {
              "client_id": "345910637492-iuoa9do98g491bvhqqt80ubpst0696fc.apps.googleusercontent.com",
              "client_type": 3
            }
          ]
        }
      }
    }
  ],
  "configuration_version": "1"
}